trial_id,question,handoff_question,name,group,reference,comparison_1,comparison_1_stimulus,comparison_2,comparison_2_stimulus,comparison
1.1,1,1,Square of squares,squares and diamonds,S001,sub,S002,whole,S003,sub-shapes rotated 45°  vs  whole object rotated 45°
1.2,1,1,Square of squares,squares and diamonds,S001,sub,S002,shape,S004,sub-shapes rotated 45°  vs  base shape rotated 45°
1.3,1,1,Square of squares,squares and diamonds,S001,whole,S003,shape,S004,whole object rotated 45°  vs  base shape rotated 45°
2.1,2,2,Square of diamonds,squares and diamonds,S002,sub,S005,whole,S006,sub-shapes rotated 45°  vs  whole object rotated 45°
2.2,2,2,Square of diamonds,squares and diamonds,S002,sub,S005,shape,S003,sub-shapes rotated 45°  vs  base shape rotated 45°
2.3,2,2,Square of diamonds,squares and diamonds,S002,whole,S006,shape,S003,whole object rotated 45°  vs  base shape rotated 45°
3.1,3,4,Diamond of diamonds,squares and diamonds,S003,sub,S006,whole,S009,sub-shapes rotated 45°  vs  whole object rotated 45°
3.2,3,4,Diamond of diamonds,squares and diamonds,S003,sub,S006,shape,S007,sub-shapes rotated 45°  vs  base shape rotated 45°
3.3,3,4,Diamond of diamonds,squares and diamonds,S003,whole,S009,shape,S007,whole object rotated 45°  vs  base shape rotated 45°
4.1,4,3,Diamond of squares,squares and diamonds,S004,sub,S003,whole,S007,sub-shapes rotated 45°  vs  whole object rotated 45°
4.2,4,3,Diamond of squares,squares and diamonds,S004,sub,S003,shape,S008,sub-shapes rotated 45°  vs  base shape rotated 45°
4.3,4,3,Diamond of squares,squares and diamonds,S004,whole,S007,shape,S008,whole object rotated 45°  vs  base shape rotated 45°
5.1,5,10,Upward pointing triangle of upward pointing triangles,triangles,S030,sub,S031,whole,S032,sub-shapes rotated 45°  vs  whole object rotated 45°
5.2,5,10,Upward pointing triangle of upward pointing triangles,triangles,S030,sub,S031,shape,S033,sub-shapes rotated 45°  vs  base shape rotated 45°
5.3,5,10,Upward pointing triangle of upward pointing triangles,triangles,S030,whole,S032,shape,S033,whole object rotated 45°  vs  base shape rotated 45°
6.1,6,9,Upward pointing triangle of downward pointing triangles,triangles,S026,sub,S027,whole,S028,sub-shapes rotated 45°  vs  whole object rotated 45°
6.2,6,9,Upward pointing triangle of downward pointing triangles,triangles,S026,sub,S027,shape,S029,sub-shapes rotated 45°  vs  base shape rotated 45°
6.3,6,9,Upward pointing triangle of downward pointing triangles,triangles,S026,whole,S028,shape,S029,whole object rotated 45°  vs  base shape rotated 45°
7.1,7,11,Downward pointing triangle of downward pointing triangles,triangles,S034,sub,S035,whole,S036,sub-shapes rotated 45°  vs  whole object rotated 45°
7.2,7,11,Downward pointing triangle of downward pointing triangles,triangles,S034,sub,S035,shape,S037,sub-shapes rotated 45°  vs  base shape rotated 45°
7.3,7,11,Downward pointing triangle of downward pointing triangles,triangles,S034,whole,S036,shape,S037,whole object rotated 45°  vs  base shape rotated 45°
8.1,8,12,Downward pointing triangle of upward pointing triangles,triangles,S038,sub,S039,whole,S040,sub-shapes rotated 45°  vs  whole object rotated 45°
8.2,8,12,Downward pointing triangle of upward pointing triangles,triangles,S038,sub,S039,shape,S041,sub-shapes rotated 45°  vs  base shape rotated 45°
8.3,8,12,Downward pointing triangle of upward pointing triangles,triangles,S038,whole,S040,shape,S041,whole object rotated 45°  vs  base shape rotated 45°
9.1,9,5,Square of upward pointing triangles,squares and triangles,S010,sub,S011,whole,S012,sub-shapes rotated 45°  vs  whole object rotated 45°
9.2,9,5,Square of upward pointing triangles,squares and triangles,S010,sub,S011,shape,S013,sub-shapes rotated 45°  vs  base shape rotated 45°
9.3,9,5,Square of upward pointing triangles,squares and triangles,S010,whole,S012,shape,S013,whole object rotated 45°  vs  base shape rotated 45°
10.1,10,7,Square of downward pointing triangles,squares and triangles,S018,sub,S019,whole,S020,sub-shapes rotated 45°  vs  whole object rotated 45°
10.2,10,7,Square of downward pointing triangles,squares and triangles,S018,sub,S019,shape,S021,sub-shapes rotated 45°  vs  base shape rotated 45°
10.3,10,7,Square of downward pointing triangles,squares and triangles,S018,whole,S020,shape,S021,whole object rotated 45°  vs  base shape rotated 45°
11.1,11,13,Upward pointing triangle of squares,squares and triangles,S042,sub,S043,whole,S044,sub-shapes rotated 45°  vs  whole object rotated 45°
11.2,11,13,Upward pointing triangle of squares,squares and triangles,S042,sub,S043,shape,S045,sub-shapes rotated 45°  vs  base shape rotated 45°
11.3,11,13,Upward pointing triangle of squares,squares and triangles,S042,whole,S044,shape,S045,whole object rotated 45°  vs  base shape rotated 45°
12.1,12,14,Downward pointing triangle of squares,squares and triangles,S046,sub,S047,whole,S048,sub-shapes rotated 45°  vs  whole object rotated 45°
12.2,12,14,Downward pointing triangle of squares,squares and triangles,S046,sub,S047,shape,S049,sub-shapes rotated 45°  vs  base shape rotated 45°
12.3,12,14,Downward pointing triangle of squares,squares and triangles,S046,whole,S048,shape,S049,whole object rotated 45°  vs  base shape rotated 45°
13.1,13,6,Diamond of upward pointing triangles,diamonds and triangles,S014,sub,S015,whole,S016,sub-shapes rotated 45°  vs  whole object rotated 45°
13.2,13,6,Diamond of upward pointing triangles,diamonds and triangles,S014,sub,S015,shape,S017,sub-shapes rotated 45°  vs  base shape rotated 45°
13.3,13,6,Diamond of upward pointing triangles,diamonds and triangles,S014,whole,S016,shape,S017,whole object rotated 45°  vs  base shape rotated 45°
14.1,14,8,Diamond of downward pointing triangles,diamonds and triangles,S022,sub,S023,whole,S024,sub-shapes rotated 45°  vs  whole object rotated 45°
14.2,14,8,Diamond of downward pointing triangles,diamonds and triangles,S022,sub,S023,shape,S025,sub-shapes rotated 45°  vs  base shape rotated 45°
14.3,14,8,Diamond of downward pointing triangles,diamonds and triangles,S022,whole,S024,shape,S025,whole object rotated 45°  vs  base shape rotated 45°
15.1,15,15,Upward pointing triangle of diamonds,diamonds and triangles,S050,sub,S051,whole,S052,sub-shapes rotated 45°  vs  whole object rotated 45°
15.2,15,15,Upward pointing triangle of diamonds,diamonds and triangles,S050,sub,S051,shape,S053,sub-shapes rotated 45°  vs  base shape rotated 45°
15.3,15,15,Upward pointing triangle of diamonds,diamonds and triangles,S050,whole,S052,shape,S053,whole object rotated 45°  vs  base shape rotated 45°
16.1,16,16,Downward pointing triangle of diamonds,diamonds and triangles,S054,sub,S055,whole,S056,sub-shapes rotated 45°  vs  whole object rotated 45°
16.2,16,16,Downward pointing triangle of diamonds,diamonds and triangles,S054,sub,S055,shape,S057,sub-shapes rotated 45°  vs  base shape rotated 45°
16.3,16,16,Downward pointing triangle of diamonds,diamonds and triangles,S054,whole,S056,shape,S057,whole object rotated 45°  vs  base shape rotated 45°
