file_png,file_svg,stimulus,shape,sub,arrangement,density,baseRot,subRot,frame,subRatio,scale,image_px,image_px_per_canvas_px,figure_width_px,figure_height_px,figure_width_mm_on_screen,figure_height_mm_on_screen,objects,used_in
S001_square-square_b000_s000_screen_tex4_r12_x100.png,S001_square-square_b000_s000_screen_tex4_r12_x100.svg,S001,square,square,texture,4,0,0,screen,0.1237,1,512,2.691432,299.4,299.4,24.17,24.17,14,Q1:A
S002_square-square_b000_s045_screen_tex4_r12_x100.png,S002_square-square_b000_s045_screen_tex4_r12_x100.svg,S002,square,square,texture,4,0,45,screen,0.1237,1,512,2.691432,313.05,313.05,25.27,25.27,15 18,Q1:B Q2:A
S003_square-square_b045_s045_screen_tex4_r12_x100.png,S003_square-square_b045_s045_screen_tex4_r12_x100.svg,S003,square,square,texture,4,45,45,screen,0.1237,1,512,2.691432,423.41,423.41,34.18,34.18,16 21 23 26,Q1:C Q2:D Q3:B Q4:A
S004_square-square_b045_s000_screen_tex4_r12_x100.png,S004_square-square_b045_s000_screen_tex4_r12_x100.svg,S004,square,square,texture,4,45,0,screen,0.1237,1,512,2.691432,409.76,409.76,33.08,33.08,17 22,Q1:D Q3:A
S005_square-square_b000_s090_screen_tex4_r12_x100.png,S005_square-square_b000_s090_screen_tex4_r12_x100.svg,S005,square,square,texture,4,0,90,screen,0.1237,1,512,2.691432,299.4,299.4,24.17,24.17,19,Q2:B
S006_square-square_b045_s090_screen_tex4_r12_x100.png,S006_square-square_b045_s090_screen_tex4_r12_x100.svg,S006,square,square,texture,4,45,90,screen,0.1237,1,512,2.691432,409.76,409.76,33.08,33.08,20 27,Q2:C Q4:B
S007_square-square_b090_s045_screen_tex4_r12_x100.png,S007_square-square_b090_s045_screen_tex4_r12_x100.svg,S007,square,square,texture,4,90,45,screen,0.1237,1,512,2.691432,313.05,313.05,25.27,25.27,24 29,Q3:C Q4:D
S008_square-square_b090_s000_screen_tex4_r12_x100.png,S008_square-square_b090_s000_screen_tex4_r12_x100.svg,S008,square,square,texture,4,90,0,screen,0.1237,1,512,2.691432,299.4,299.4,24.17,24.17,25,Q3:D
S009_square-square_b090_s090_screen_tex4_r12_x100.png,S009_square-square_b090_s090_screen_tex4_r12_x100.svg,S009,square,square,texture,4,90,90,screen,0.1237,1,512,2.691432,299.4,299.4,24.17,24.17,28,Q4:C
S010_square-triangle_b000_s000_screen_tex4_r14_x100.png,S010_square-triangle_b000_s000_screen_tex4_r14_x100.svg,S010,square,triangle,texture,4,0,0,screen,0.1414,1,512,2.691432,312.58,306.4,25.23,24.73,57,Q5:A
S011_square-triangle_b000_s045_screen_tex4_r14_x100.png,S011_square-triangle_b000_s045_screen_tex4_r14_x100.svg,S011,square,triangle,texture,4,0,45,screen,0.1414,1,512,2.691432,311.01,311.01,25.11,25.11,58,Q5:B
S012_square-triangle_b045_s045_screen_tex4_r14_x100.png,S012_square-triangle_b045_s045_screen_tex4_r14_x100.svg,S012,square,triangle,texture,4,45,45,screen,0.1414,1,512,2.691432,421.37,421.37,34.01,34.01,59,Q5:C
S013_square-triangle_b045_s000_screen_tex4_r14_x100.png,S013_square-triangle_b045_s000_screen_tex4_r14_x100.svg,S013,square,triangle,texture,4,45,0,screen,0.1414,1,512,2.691432,422.94,416.76,34.14,33.64,60,Q5:D
S014_diamond-triangle_b000_s000_screen_tex4_r14_x100.png,S014_diamond-triangle_b000_s000_screen_tex4_r14_x100.svg,S014,diamond,triangle,texture,4,0,0,screen,0.1414,1,512,2.691432,422.94,416.76,34.14,33.64,64,Q6:A
S015_diamond-triangle_b000_s045_screen_tex4_r14_x100.png,S015_diamond-triangle_b000_s045_screen_tex4_r14_x100.svg,S015,diamond,triangle,texture,4,0,45,screen,0.1414,1,512,2.691432,421.37,421.37,34.01,34.01,65,Q6:B
S016_diamond-triangle_b045_s045_screen_tex4_r14_x100.png,S016_diamond-triangle_b045_s045_screen_tex4_r14_x100.svg,S016,diamond,triangle,texture,4,45,45,screen,0.1414,1,512,2.691432,311.01,311.01,25.11,25.11,66,Q6:C
S017_diamond-triangle_b045_s000_screen_tex4_r14_x100.png,S017_diamond-triangle_b045_s000_screen_tex4_r14_x100.svg,S017,diamond,triangle,texture,4,45,0,screen,0.1414,1,512,2.691432,312.58,306.4,25.23,24.73,67,Q6:D
S018_square-triangle_b000_s180_screen_tex4_r14_x100.png,S018_square-triangle_b000_s180_screen_tex4_r14_x100.svg,S018,square,triangle,texture,4,0,180,screen,0.1414,1,512,2.691432,312.58,306.4,25.23,24.73,70,Q7:A
S019_square-triangle_b000_s225_screen_tex4_r14_x100.png,S019_square-triangle_b000_s225_screen_tex4_r14_x100.svg,S019,square,triangle,texture,4,0,225,screen,0.1414,1,512,2.691432,311.01,311.01,25.11,25.11,71,Q7:B
S020_square-triangle_b045_s225_screen_tex4_r14_x100.png,S020_square-triangle_b045_s225_screen_tex4_r14_x100.svg,S020,square,triangle,texture,4,45,225,screen,0.1414,1,512,2.691432,421.37,421.37,34.01,34.01,72,Q7:C
S021_square-triangle_b045_s180_screen_tex4_r14_x100.png,S021_square-triangle_b045_s180_screen_tex4_r14_x100.svg,S021,square,triangle,texture,4,45,180,screen,0.1414,1,512,2.691432,422.94,416.76,34.14,33.64,73,Q7:D
S022_diamond-triangle_b000_s180_screen_tex4_r14_x100.png,S022_diamond-triangle_b000_s180_screen_tex4_r14_x100.svg,S022,diamond,triangle,texture,4,0,180,screen,0.1414,1,512,2.691432,422.94,416.76,34.14,33.64,76,Q8:A
S023_diamond-triangle_b000_s225_screen_tex4_r14_x100.png,S023_diamond-triangle_b000_s225_screen_tex4_r14_x100.svg,S023,diamond,triangle,texture,4,0,225,screen,0.1414,1,512,2.691432,421.37,421.37,34.01,34.01,77,Q8:B
S024_diamond-triangle_b045_s225_screen_tex4_r14_x100.png,S024_diamond-triangle_b045_s225_screen_tex4_r14_x100.svg,S024,diamond,triangle,texture,4,45,225,screen,0.1414,1,512,2.691432,311.01,311.01,25.11,25.11,78,Q8:C
S025_diamond-triangle_b045_s180_screen_tex4_r14_x100.png,S025_diamond-triangle_b045_s180_screen_tex4_r14_x100.svg,S025,diamond,triangle,texture,4,45,180,screen,0.1414,1,512,2.691432,312.58,306.4,25.23,24.73,79,Q8:D
S026_up-triangle-down-triangle_b000_s000_screen_tex5_r13_x100.png,S026_up-triangle-down-triangle_b000_s000_screen_tex5_r13_x100.svg,S026,up-triangle,down-triangle,texture,5,0,0,screen,0.1299,1,512,2.691432,368.71,319.31,29.76,25.78,120,Q9:A
S027_up-triangle-down-triangle_b000_s045_screen_tex5_r13_x100.png,S027_up-triangle-down-triangle_b000_s045_screen_tex5_r13_x100.svg,S027,up-triangle,down-triangle,texture,5,0,45,screen,0.1299,1,512,2.691432,367.26,323.54,29.65,26.12,121,Q9:B
S028_up-triangle-down-triangle_b045_s045_screen_tex5_r13_x100.png,S028_up-triangle-down-triangle_b045_s045_screen_tex5_r13_x100.svg,S028,up-triangle,down-triangle,texture,5,45,45,screen,0.1299,1,512,2.691432,356.14,356.14,28.75,28.75,122,Q9:C
S029_up-triangle-down-triangle_b045_s000_screen_tex5_r13_x100.png,S029_up-triangle-down-triangle_b045_s000_screen_tex5_r13_x100.svg,S029,up-triangle,down-triangle,texture,5,45,0,screen,0.1299,1,512,2.691432,357.59,351.91,28.87,28.41,123,Q9:D
S030_up-triangle-up-triangle_b000_s000_screen_tex5_r13_x100.png,S030_up-triangle-up-triangle_b000_s000_screen_tex5_r13_x100.svg,S030,up-triangle,up-triangle,texture,5,0,0,screen,0.1299,1,512,2.691432,368.71,319.31,29.76,25.78,126,Q10:A
S031_up-triangle-up-triangle_b000_s045_screen_tex5_r13_x100.png,S031_up-triangle-up-triangle_b000_s045_screen_tex5_r13_x100.svg,S031,up-triangle,up-triangle,texture,5,0,45,screen,0.1299,1,512,2.691432,367.26,323.54,29.65,26.12,127,Q10:B
S032_up-triangle-up-triangle_b045_s045_screen_tex5_r13_x100.png,S032_up-triangle-up-triangle_b045_s045_screen_tex5_r13_x100.svg,S032,up-triangle,up-triangle,texture,5,45,45,screen,0.1299,1,512,2.691432,356.14,356.14,28.75,28.75,128,Q10:C
S033_up-triangle-up-triangle_b045_s000_screen_tex5_r13_x100.png,S033_up-triangle-up-triangle_b045_s000_screen_tex5_r13_x100.svg,S033,up-triangle,up-triangle,texture,5,45,0,screen,0.1299,1,512,2.691432,357.59,351.91,28.87,28.41,129,Q10:D
S034_down-triangle-down-triangle_b000_s000_screen_tex5_r13_x100.png,S034_down-triangle-down-triangle_b000_s000_screen_tex5_r13_x100.svg,S034,down-triangle,down-triangle,texture,5,0,0,screen,0.1299,1,512,2.691432,368.71,319.31,29.76,25.78,133,Q11:A
S035_down-triangle-down-triangle_b000_s045_screen_tex5_r13_x100.png,S035_down-triangle-down-triangle_b000_s045_screen_tex5_r13_x100.svg,S035,down-triangle,down-triangle,texture,5,0,45,screen,0.1299,1,512,2.691432,367.26,323.54,29.65,26.12,134,Q11:B
S036_down-triangle-down-triangle_b045_s045_screen_tex5_r13_x100.png,S036_down-triangle-down-triangle_b045_s045_screen_tex5_r13_x100.svg,S036,down-triangle,down-triangle,texture,5,45,45,screen,0.1299,1,512,2.691432,356.14,356.14,28.75,28.75,135,Q11:C
S037_down-triangle-down-triangle_b045_s000_screen_tex5_r13_x100.png,S037_down-triangle-down-triangle_b045_s000_screen_tex5_r13_x100.svg,S037,down-triangle,down-triangle,texture,5,45,0,screen,0.1299,1,512,2.691432,357.59,351.91,28.87,28.41,136,Q11:D
S038_down-triangle-up-triangle_b000_s000_screen_tex5_r13_x100.png,S038_down-triangle-up-triangle_b000_s000_screen_tex5_r13_x100.svg,S038,down-triangle,up-triangle,texture,5,0,0,screen,0.1299,1,512,2.691432,368.71,319.31,29.76,25.78,139,Q12:A
S039_down-triangle-up-triangle_b000_s045_screen_tex5_r13_x100.png,S039_down-triangle-up-triangle_b000_s045_screen_tex5_r13_x100.svg,S039,down-triangle,up-triangle,texture,5,0,45,screen,0.1299,1,512,2.691432,367.26,323.54,29.65,26.12,140,Q12:B
S040_down-triangle-up-triangle_b045_s045_screen_tex5_r13_x100.png,S040_down-triangle-up-triangle_b045_s045_screen_tex5_r13_x100.svg,S040,down-triangle,up-triangle,texture,5,45,45,screen,0.1299,1,512,2.691432,356.14,356.14,28.75,28.75,141,Q12:C
S041_down-triangle-up-triangle_b045_s000_screen_tex5_r13_x100.png,S041_down-triangle-up-triangle_b045_s000_screen_tex5_r13_x100.svg,S041,down-triangle,up-triangle,texture,5,45,0,screen,0.1299,1,512,2.691432,357.59,351.91,28.87,28.41,142,Q12:D
S042_up-triangle-square_b000_s000_screen_tex5_r13_x100.png,S042_up-triangle-square_b000_s000_screen_tex5_r13_x100.svg,S042,up-triangle,square,texture,5,0,0,screen,0.1299,1,512,2.691432,360.93,317.21,29.14,25.61,146,Q13:A
S043_up-triangle-square_b000_s045_screen_tex5_r13_x100.png,S043_up-triangle-square_b000_s045_screen_tex5_r13_x100.svg,S043,up-triangle,square,texture,5,0,45,screen,0.1299,1,512,2.691432,375.27,331.55,30.29,26.76,147,Q13:B
S044_up-triangle-square_b045_s045_screen_tex5_r13_x100.png,S044_up-triangle-square_b045_s045_screen_tex5_r13_x100.svg,S044,up-triangle,square,texture,5,45,45,screen,0.1299,1,512,2.691432,364.15,364.15,29.39,29.39,148,Q13:C
S045_up-triangle-square_b045_s000_screen_tex5_r13_x100.png,S045_up-triangle-square_b045_s000_screen_tex5_r13_x100.svg,S045,up-triangle,square,texture,5,45,0,screen,0.1299,1,512,2.691432,349.81,349.81,28.24,28.24,149,Q13:D
S046_down-triangle-square_b000_s000_screen_tex5_r13_x100.png,S046_down-triangle-square_b000_s000_screen_tex5_r13_x100.svg,S046,down-triangle,square,texture,5,0,0,screen,0.1299,1,512,2.691432,360.93,317.21,29.14,25.61,152,Q14:A
S047_down-triangle-square_b000_s045_screen_tex5_r13_x100.png,S047_down-triangle-square_b000_s045_screen_tex5_r13_x100.svg,S047,down-triangle,square,texture,5,0,45,screen,0.1299,1,512,2.691432,375.27,331.55,30.29,26.76,153,Q14:B
S048_down-triangle-square_b045_s045_screen_tex5_r13_x100.png,S048_down-triangle-square_b045_s045_screen_tex5_r13_x100.svg,S048,down-triangle,square,texture,5,45,45,screen,0.1299,1,512,2.691432,364.15,364.15,29.39,29.39,154,Q14:C
S049_down-triangle-square_b045_s000_screen_tex5_r13_x100.png,S049_down-triangle-square_b045_s000_screen_tex5_r13_x100.svg,S049,down-triangle,square,texture,5,45,0,screen,0.1299,1,512,2.691432,349.81,349.81,28.24,28.24,155,Q14:D
S050_up-triangle-diamond_b000_s000_screen_tex5_r13_x100.png,S050_up-triangle-diamond_b000_s000_screen_tex5_r13_x100.svg,S050,up-triangle,diamond,texture,5,0,0,screen,0.1299,1,512,2.691432,375.27,331.55,30.29,26.76,158,Q15:A
S051_up-triangle-diamond_b000_s045_screen_tex5_r13_x100.png,S051_up-triangle-diamond_b000_s045_screen_tex5_r13_x100.svg,S051,up-triangle,diamond,texture,5,0,45,screen,0.1299,1,512,2.691432,360.93,317.21,29.14,25.61,159,Q15:B
S052_up-triangle-diamond_b045_s045_screen_tex5_r13_x100.png,S052_up-triangle-diamond_b045_s045_screen_tex5_r13_x100.svg,S052,up-triangle,diamond,texture,5,45,45,screen,0.1299,1,512,2.691432,349.81,349.81,28.24,28.24,160,Q15:C
S053_up-triangle-diamond_b045_s000_screen_tex5_r13_x100.png,S053_up-triangle-diamond_b045_s000_screen_tex5_r13_x100.svg,S053,up-triangle,diamond,texture,5,45,0,screen,0.1299,1,512,2.691432,364.15,364.15,29.39,29.39,161,Q15:D
S054_down-triangle-diamond_b000_s000_screen_tex5_r13_x100.png,S054_down-triangle-diamond_b000_s000_screen_tex5_r13_x100.svg,S054,down-triangle,diamond,texture,5,0,0,screen,0.1299,1,512,2.691432,375.27,331.55,30.29,26.76,164,Q16:A
S055_down-triangle-diamond_b000_s045_screen_tex5_r13_x100.png,S055_down-triangle-diamond_b000_s045_screen_tex5_r13_x100.svg,S055,down-triangle,diamond,texture,5,0,45,screen,0.1299,1,512,2.691432,360.93,317.21,29.14,25.61,165,Q16:B
S056_down-triangle-diamond_b045_s045_screen_tex5_r13_x100.png,S056_down-triangle-diamond_b045_s045_screen_tex5_r13_x100.svg,S056,down-triangle,diamond,texture,5,45,45,screen,0.1299,1,512,2.691432,349.81,349.81,28.24,28.24,166,Q16:C
S057_down-triangle-diamond_b045_s000_screen_tex5_r13_x100.png,S057_down-triangle-diamond_b045_s000_screen_tex5_r13_x100.svg,S057,down-triangle,diamond,texture,5,45,0,screen,0.1299,1,512,2.691432,364.15,364.15,29.39,29.39,167,Q16:D
