asset_id,family,name,variant,src,total_width_mm,total_height_mm,main_length_mm,main_thickness_mm,main_thickness_to_length,edge_width_mm,edge_height_mm,red_segment_to_black_ratio,vertical_edge_thickness_to_length,window_count,window_width_mm,window_height_mm,window_gap_mm,rear_projection_mm,connector_mm
1-A,1,Double-headed arrow,A,site/1/assets/1-A.svg,50.0,5.0,40.0,1.0,1:40,5.0,5.0,,,,,,,,
1-E,1,Double-headed arrow,E,site/1/assets/1-E.svg,60.0,10.0,40.0,1.0,1:40,10.0,10.0,,,,,,,,
1-L,1,Double-headed arrow,L,site/1/assets/1-L.svg,90.0,5.0,80.0,1.0,1:80,5.0,5.0,,,,,,,,
1-P,1,Double-headed arrow,P,site/1/assets/1-P.svg,100.0,10.0,80.0,2.0,1:40,10.0,10.0,,,,,,,,
2-A,2,Circles at both ends,A,site/1/assets/2-A.svg,50.0,5.0,40.0,1.0,1:40,5.0,5.0,,,,,,,,
2-E,2,Circles at both ends,E,site/1/assets/2-E.svg,60.0,10.0,40.0,1.0,1:40,10.0,10.0,,,,,,,,
2-L,2,Circles at both ends,L,site/1/assets/2-L.svg,90.0,5.0,80.0,1.0,1:80,5.0,5.0,,,,,,,,
2-P,2,Circles at both ends,P,site/1/assets/2-P.svg,100.0,10.0,80.0,2.0,1:40,10.0,10.0,,,,,,,,
3-A,3,Colored end segments,A,site/1/assets/3-A.svg,44.0,1.0,40.0,1.0,1:40,2.0,1.0,1:20,,,,,,,
3-E,3,Colored end segments,E,site/1/assets/3-E.svg,48.0,1.0,40.0,1.0,1:40,4.0,1.0,1:10,,,,,,,
3-L,3,Colored end segments,L,site/1/assets/3-L.svg,84.0,1.0,80.0,1.0,1:80,2.0,1.0,1:40,,,,,,,
3-P,3,Colored end segments,P,site/1/assets/3-P.svg,88.0,2.0,80.0,2.0,1:40,4.0,2.0,1:20,,,,,,,
4-A,4,Short vertical end lines,A,site/1/assets/4-A.svg,42.0,4.0,40.0,1.0,1:40,1.0,4.0,,1:4,,,,,,
4-E,4,Short vertical end lines,E,site/1/assets/4-E.svg,42.0,8.0,40.0,1.0,1:40,1.0,8.0,,1:8,,,,,,
4-L,4,Short vertical end lines,L,site/1/assets/4-L.svg,82.0,4.0,80.0,1.0,1:80,1.0,4.0,,1:4,,,,,,
4-P,4,Short vertical end lines,P,site/1/assets/4-P.svg,84.0,8.0,80.0,2.0,1:40,2.0,8.0,,1:4,,,,,,
5-A,5,One abstract right end,A,site/1/assets/5-A.svg,45.0,5.0,40.0,1.0,1:40,5.0,5.0,,,,,,,,
5-E,5,One abstract right end,E,site/1/assets/5-E.svg,50.0,10.0,40.0,1.0,1:40,10.0,10.0,,,,,,,,
5-L,5,One abstract right end,L,site/1/assets/5-L.svg,85.0,5.0,80.0,1.0,1:80,5.0,5.0,,,,,,,,
5-P,5,One abstract right end,P,site/1/assets/5-P.svg,90.0,10.0,80.0,2.0,1:40,10.0,10.0,,,,,,,,
6-A,6,Snake,A,site/1/assets/6-A.svg,48.0,6.0,40.0,2.0,1:20,8.0,6.0,,,,,,,,
6-L,6,Snake,L,site/1/assets/6-L.svg,88.0,6.0,80.0,2.0,1:40,8.0,6.0,,,,,,,,
6-P,6,Snake,P,site/1/assets/6-P.svg,96.0,12.0,80.0,4.0,1:20,16.0,12.0,,,,,,,,
7-A,7,Train,A,site/1/assets/7-A.svg,50.4,6.6,42.0,4.2,1:10,,,,,14,1.8,1.2,1.2,0.6,1.8
7-L,7,Train,L,site/1/assets/7-L.svg,92.4,6.6,84.0,4.2,1:20,,,,,28,1.8,1.2,1.2,0.6,1.8
7-P,7,Train,P,site/1/assets/7-P.svg,100.8,13.2,84.0,8.4,1:10,,,,,14,3.6,2.4,2.4,1.2,3.6
8-A,8,Lamp,A,site/1/assets/8-A.svg,6.0,38.25,30.0,0.75,1:40,6.0,7.5,,,,,,,,
8-L,8,Lamp,L,site/1/assets/8-L.svg,6.0,68.25,60.0,0.75,1:80,6.0,7.5,,,,,,,,
8-P,8,Lamp,P,site/1/assets/8-P.svg,12.0,76.5,60.0,1.5,1:40,12.0,15.0,,,,,,,,
0-A,0,Plain line,A,site/1/assets/0-A.svg,40,1,40,1,1:40,,,,,,,,,,
0-L,0,Plain line,L,site/1/assets/0-L.svg,80,1,80,1,1:80,,,,,,,,,,
0-P,0,Plain line,P,site/1/assets/0-P.svg,80,2,80,2,1:40,,,,,,,,,,
